date,price
2005/9/15,47.53
2005/9/27,46.33
2005/9/28,46.29
2005/9/29,46.75
2005/9/30,47.45
2005/10/3,47.69
2005/10/4,47.86
2005/10/5,47.71
2005/10/6,47.47
2005/10/7,47.4
2005/10/11,47.4
2005/10/12,46.65
2005/10/13,46.4
2005/10/14,46.4
2005/10/17,45.42
2005/10/18,45.5
2005/10/19,44.24
2005/10/20,44.79
2005/10/21,44.6
2005/10/24,44.57
2005/10/25,44.84
2005/10/26,44.71
2005/10/27,44.6
2005/10/28,44.5
2005/10/31,45.44
2005/11/1,45.52
2005/11/2,46.1
2005/11/3,46.22
2005/11/4,46.35
2005/11/7,46.32
2005/11/8,46.33
2005/11/9,47.13
2005/11/10,47.3
2005/11/11,47.97
2005/11/14,48.04
2005/11/15,47.62
2005/11/16,47.71
2005/11/17,47.49
2005/11/18,48.15
2005/11/21,48.19
2005/11/22,47.85
2005/11/23,48.28
2005/11/24,48.27
2005/11/25,48.27
2005/11/28,49.05
2005/11/29,48.52
2005/11/30,48.79
2005/12/1,48.7
2005/12/2,49.05
2005/12/5,50.35
2005/12/6,50.3
2005/12/7,49.9
2005/12/8,49.1
2005/12/9,49.1
2005/12/12,49.1
2005/12/13,49.12
2005/12/14,48.81
2005/12/15,48.9
2005/12/16,49.78
2005/12/19,50.35
2005/12/20,50.3
2005/12/21,50.65
2005/12/22,50.25
2005/12/23,51
2005/12/26,51.25
2005/12/27,51.4
2005/12/28,51
2005/12/29,51.35
2005/12/30,51.25
2005/12/31,51.25
2006/1/2,50.55
2006/1/3,51.45
2006/1/4,51.7
2006/1/5,52.45
2006/1/6,52.3
2006/1/9,52.8
2006/1/10,52.3
2006/1/11,52.55
2006/1/12,52.7
2006/1/13,52.45
2006/1/16,52.85
2006/1/17,52.85
2006/1/18,50.85
2006/1/19,51.4
2006/1/20,51.3
2006/1/23,50.55
2006/1/24,51
2006/1/25,51.35
2006/1/26,51.35
2006/1/27,51.35
2006/1/31,51.35
2006/2/3,51.6
2006/2/6,52.35
2006/2/7,53
2006/2/8,52.3
2006/2/9,52.2
2006/2/10,52.1
2006/2/13,52
2006/2/14,52.25
2006/2/15,52.05
2006/2/16,53.05
2006/2/17,52.95
2006/2/20,52.9
2006/2/21,52.8
2006/2/22,52.1
2006/2/23,51.7
2006/2/24,52.05
2006/2/27,52.4
2006/3/1,52.85
2006/3/2,52.85
2006/3/3,52.05
2006/3/6,52.45
2006/3/7,51.8
2006/3/8,51.4
2006/3/9,51.65
2006/3/10,51.6
2006/3/13,51.8
2006/3/14,51.3
2006/3/15,52.15
2006/3/16,51.9
2006/3/17,52
2006/3/20,51.95
2006/3/21,51.55
2006/3/22,50.75
2006/3/23,50.5
2006/3/24,50.9
2006/3/27,51.05
2006/3/28,51.5
2006/3/29,51.7
2006/3/30,52.3
2006/3/31,52.8
2006/4/1,52.8
2006/4/3,53.1
2006/4/4,53.1
2006/4/6,53.7
2006/4/7,53.9
2006/4/10,54.1
2006/4/11,53.55
2006/4/12,53.95
2006/4/13,54.4
2006/4/14,55.05
2006/4/17,55.2
2006/4/18,55.3
2006/4/19,55.7
2006/4/20,56.1
2006/4/21,56.25
2006/4/24,56.35
2006/4/25,55.85
2006/4/26,56.85
2006/4/27,56.6
2006/4/28,56.8
2006/4/30,56.8
2006/5/2,56.8
2006/5/3,57.2
2006/5/4,58
2006/5/5,58.4
2006/5/8,59.2
2006/5/9,58.5
2006/5/10,57.4
2006/5/11,57.75
2006/5/12,57.5
2006/5/15,56
2006/5/16,55.2
2006/5/17,55.6
2006/5/18,54.65
2006/5/19,54.75
2006/5/22,53.9
2006/5/23,53
2006/5/24,53.35
2006/5/25,53.35
2006/5/26,53.3
2006/5/29,53.6
2006/5/30,53.4
2006/5/31,53.4
2006/6/1,53.4
2006/6/2,54.3
2006/6/5,52.45
2006/6/6,52.9
2006/6/7,51.85
2006/6/8,49.99
2006/6/9,50.8
2006/6/12,50.7
2006/6/13,49.6
2006/6/14,51.1
2006/6/15,50.8
2006/6/16,51.9
2006/6/19,51.85
2006/6/20,50.45
2006/6/21,50.2
2006/6/22,51.65
2006/6/23,51.15
2006/6/26,51.8
2006/6/27,51.85
2006/6/28,51.55
2006/6/29,52.2
2006/6/30,53.1
2006/7/3,53.05
2006/7/4,53.35
2006/7/5,52.7
2006/7/6,52.6
2006/7/7,52.3
2006/7/10,53.1
2006/7/11,52.7
2006/7/12,52.5
2006/7/13,52.1
2006/7/14,50.8
2006/7/17,49.63
2006/7/18,49.97
2006/7/19,49.99
2006/7/20,51.35
2006/7/21,51.2
2006/7/24,50.6
2006/7/25,50.85
2006/7/26,50.9
2006/7/27,51.6
2006/7/28,51.55
2006/7/31,51.4
2006/8/1,51.45
2006/8/2,51.8
2006/8/3,51.95
2006/8/4,51.45
2006/8/7,51.4
2006/8/8,52.25
2006/8/9,53
2006/8/10,53.1
2006/8/11,53
2006/8/14,53.45
2006/8/15,53.5
2006/8/16,54.3
2006/8/17,54.75
2006/8/18,54.6
2006/8/21,52.9
2006/8/22,53.4
2006/8/23,53.5
2006/8/24,53.15
2006/8/25,53.2
2006/8/28,52.55
2006/8/29,52.9
2006/8/30,53.7
2006/8/31,54.25
2006/9/1,54.35
2006/9/4,55.05
2006/9/5,55.2
2006/9/6,54.75
2006/9/7,54.55
2006/9/8,54.7
2006/9/11,54.75
2006/9/12,54.15
2006/9/13,54.9
2006/9/14,54.6
2006/9/15,55.25
2006/9/18,56.9
2006/9/19,56.95
2006/9/20,56.6
2006/9/21,56.75
2006/9/22,56.45
2006/9/25,56.6
2006/9/26,56.6
2006/9/27,57
2006/9/28,56.5
2006/9/29,56.35
2006/9/30,56.35
2006/10/2,56.75
2006/10/3,56.9
2006/10/4,56.25
2006/10/5,57.25
2006/10/11,57.3
2006/10/12,57
2006/10/13,57.65
2006/10/14,57.5
2006/10/16,58.2
2006/10/17,57.85
2006/10/18,57
2006/10/19,56.7
2006/10/20,57
2006/10/23,57
2006/10/24,57.5
2006/10/25,57.4
2006/10/26,53.6
2006/10/27,53.9
2006/10/30,53.15
2006/10/31,53.4
2006/11/1,53.25
2006/11/2,53.5
2006/11/3,54.45
2006/11/6,53.9
2006/11/7,54.3
2006/11/8,54.15
2006/11/9,53.95
2006/11/10,54
2006/11/13,53.6
2006/11/14,54.05
2006/11/15,54.25
2006/11/16,54.4
2006/11/17,54.4
2006/11/20,53.9
2006/11/21,54.75
2006/11/22,55.1
2006/11/23,55.25
2006/11/24,55.55
2006/11/27,55.85
2006/11/28,55.65
2006/11/29,55.75
2006/11/30,56.3
2006/12/1,56.6
2006/12/4,56.95
2006/12/5,56.8
2006/12/6,57.5
2006/12/7,57.3
2006/12/8,56.55
2006/12/11,56.5
2006/12/12,55.3
2006/12/13,55.25
2006/12/14,55.6
2006/12/15,55.95
2006/12/18,56.7
2006/12/19,56.45
2006/12/20,56.5
2006/12/21,56.5
2006/12/22,56.5
2006/12/25,56.4
2006/12/26,56.75
2006/12/27,57.05
2006/12/28,57.1
2006/12/29,57.75
2006/12/31,57.75
2007/1/2,58.45
2007/1/3,58.7
2007/1/4,58.65
2007/1/5,57.9
2007/1/8,57.05
2007/1/9,57.3
2007/1/10,56.5
2007/1/11,56.25
2007/1/12,57.5
2007/1/15,57.9
2007/1/16,57.55
2007/1/17,58
2007/1/18,58.4
2007/1/19,58
2007/1/22,57.85
2007/1/23,57.75
2007/1/24,58.6
2007/1/25,58.75
2007/1/26,57.7
2007/1/29,57.15
2007/1/30,57.15
2007/1/31,56.7
2007/2/1,56.75
2007/2/2,57.4
2007/2/5,57.3
2007/2/6,57.8
2007/2/7,57.85
2007/2/8,57.8
2007/2/9,57.75
2007/2/12,57.2
2007/2/13,56.7
2007/2/14,57.15
2007/2/15,57.15
2007/2/16,57.15
2007/2/20,57.15
2007/2/21,57.15
2007/2/22,57.15
2007/2/26,57.95
2007/2/27,57.75
2007/2/28,57.75
2007/3/1,56.05
2007/3/2,55.7
2007/3/3,55.35
2007/3/5,53.45
2007/3/6,54
2007/3/7,54.3
2007/3/8,54.95
2007/3/9,54.75
2007/3/12,55.3
2007/3/13,55.8
2007/3/14,54.95
2007/3/15,55.75
2007/3/16,55.85
2007/3/19,56
2007/3/20,56.15
2007/3/21,56.25
2007/3/22,56.9
2007/3/23,56.7
2007/3/26,57.1
2007/3/27,56.9
2007/3/28,56.25
2007/3/29,56.55
2007/3/30,56.45
2007/3/31,56.45
2007/4/2,56.7
2007/4/3,56.85
2007/4/4,57.75
2007/4/9,58.15
2007/4/10,58.1
2007/4/11,58.5
2007/4/12,58.25
2007/4/13,57.6
2007/4/14,57.75
2007/4/16,58
2007/4/17,57.45
2007/4/18,57.65
2007/4/19,56.75
2007/4/20,56.95
2007/4/23,57.85
2007/4/24,58.1
2007/4/25,57.6
2007/4/26,57.7
2007/4/27,57.5
2007/4/30,56.9
2007/5/2,57.55
2007/5/3,58.2
2007/5/4,59.2
2007/5/7,59.55
2007/5/8,59.3
2007/5/9,58.95
2007/5/10,59.25
2007/5/11,58.6
2007/5/14,58.75
2007/5/15,58.15
2007/5/16,58.2
2007/5/17,58.6
2007/5/18,58.5
2007/5/21,59.6
2007/5/22,59.8
2007/5/23,60.05
2007/5/24,60.1
2007/5/25,59.45
2007/5/28,59.5
2007/5/29,59.7
2007/5/30,59.25
2007/5/31,59.75
2007/6/1,60
2007/6/4,60.2
2007/6/5,60.2
2007/6/6,60.75
2007/6/7,60.9
2007/6/8,60.7
2007/6/11,60.85
2007/6/12,61.2
2007/6/13,61.2
2007/6/14,62
2007/6/15,63.2
2007/6/20,65.2
2007/6/21,65.8
2007/6/22,65.4
2007/6/23,64.95
2007/6/25,66.15
2007/6/26,65.35
2007/6/27,65
2007/6/28,65.2
2007/6/29,65
2007/6/30,65
2007/7/2,65.6
2007/7/3,66.3
2007/7/4,66.8
2007/7/5,67.15
2007/7/6,67
2007/7/7,67
2007/7/9,68.6
2007/7/10,68.65
2007/7/11,67.85
2007/7/12,68.2
2007/7/13,68.8
2007/7/16,68.5
2007/7/17,68.6
2007/7/18,68.2
2007/7/19,68.15
2007/7/20,69.2
2007/7/23,68.85
2007/7/24,69.75
2007/7/25,69.75
2007/7/26,68.4
2007/7/27,65.55
2007/7/30,64.7
2007/7/31,66.3
2007/8/1,63.3
2007/8/2,64.4
2007/8/3,65.3
2007/8/6,64.65
2007/8/7,63.9
2007/8/8,65.2
2007/8/9,65.75
2007/8/10,64
2007/8/13,63.85
2007/8/14,64.5
2007/8/15,62.15
2007/8/16,59.6
2007/8/17,59.65
2007/8/20,62.35
2007/8/21,61.75
2007/8/22,62.45
2007/8/23,64
2007/8/24,63.5
2007/8/27,63.8
2007/8/28,63.85
2007/8/29,63
2007/8/30,63.8
2007/8/31,65.6
2007/9/1,65.6
2007/9/3,65.8
2007/9/4,65.7
2007/9/5,65
2007/9/6,65.9
2007/9/7,65.9
2007/9/10,65.4
2007/9/11,65.85
2007/9/12,65.65
2007/9/13,65.1
2007/9/14,66.25
2007/9/15,66.25
2007/9/17,65.25
2007/9/19,65.6
2007/9/20,66
2007/9/21,66.9
2007/9/25,66.9
2007/9/26,67.95
2007/9/27,68.9
2007/9/28,69.05
2007/9/29,69.35
2007/9/30,69.35
2007/10/1,69.35
2007/10/2,70.6
2007/10/3,71.7
2007/10/4,71.2
2007/10/5,71.2
2007/10/8,71.85
2007/10/9,71.65
2007/10/11,71.9
2007/10/12,69.9
2007/10/15,70.55
2007/10/16,70.9
2007/10/17,70.4
2007/10/18,71.4
2007/10/19,71.05
2007/10/22,69.45
2007/10/23,70.6
2007/10/24,67.7
2007/10/25,68.4
2007/10/26,69.25
2007/10/27,69.25
2007/10/29,70.65
2007/10/30,70.45
2007/10/31,70.2
2007/11/1,69.45
2007/11/2,67
2007/11/5,67.1
2007/11/6,67.5
2007/11/7,67.05
2007/11/8,64.9
2007/11/9,65.35
2007/11/12,63.6
2007/11/13,63.5
2007/11/14,64.7
2007/11/15,64.25
2007/11/16,63.05
2007/11/19,62.7
2007/11/20,62.5
2007/11/21,61.15
2007/11/22,61.2
2007/11/23,60.7
2007/11/25,60.7
2007/11/26,61.95
2007/11/27,61
2007/11/28,60.3
2007/11/29,61.35
2007/11/30,61.8
2007/12/3,61.95
2007/12/4,62.55
2007/12/5,62.75
2007/12/6,62.8
2007/12/7,63.4
2007/12/10,62
2007/12/11,62.35
2007/12/12,61.25
2007/12/13,58.7
2007/12/14,58.4
2007/12/15,58.4
2007/12/17,56.7
2007/12/18,56.9
2007/12/19,58.5
2007/12/20,57.5
2007/12/21,58.75
2007/12/24,59.15
2007/12/25,59.6
2007/12/26,59.65
2007/12/27,60.9
2007/12/28,61
2007/12/31,61.45
2008/1/2,60.1
2008/1/3,59.1
2008/1/4,59.1
2008/1/7,56.4
2008/1/8,56.95
2008/1/9,58
2008/1/10,57.9
2008/1/11,57.65
2008/1/14,58.8
2008/1/15,61.05
2008/1/16,58.4
2008/1/17,58.15
2008/1/18,58.5
2008/1/21,57.7
2008/1/22,53.7
2008/1/23,53.6
2008/1/24,55
2008/1/25,56.4
2008/1/28,54.6
2008/1/29,55.1
2008/1/30,54.95
2008/1/31,54.95
2008/2/1,56.4
2008/2/12,54.95
2008/2/13,54.8
2008/2/14,57.8
2008/2/15,57.3
2008/2/18,57.2
2008/2/19,58
2008/2/20,56.9
2008/2/21,58.55
2008/2/22,58.8
2008/2/25,60
2008/2/26,60.2
2008/2/27,60.7
2008/2/29,60.85
2008/3/3,59.15
2008/3/4,60.7
2008/3/5,60.9
2008/3/6,62.3
2008/3/7,61.4
2008/3/10,59.6
2008/3/11,60.1
2008/3/12,60.65
2008/3/13,59.1
2008/3/14,58.45
2008/3/17,57.35
2008/3/18,57.9
2008/3/19,58.5
2008/3/20,59.95
2008/3/21,61.55
2008/3/24,64.15
2008/3/25,63.05
2008/3/26,62.4
2008/3/27,61.2
2008/3/28,62
2008/3/31,60.45
2008/4/1,60.05
2008/4/2,61.75
2008/4/3,61.2
2008/4/7,62.2
2008/4/8,61.6
2008/4/9,61.6
2008/4/10,62.6
2008/4/11,63.5
2008/4/14,63.2
2008/4/15,63.15
2008/4/16,64.2
2008/4/17,64.65
2008/4/18,64.4
2008/4/21,64.6
2008/4/22,64.4
2008/4/23,63.75
2008/4/24,63.45
2008/4/25,63.5
2008/4/28,64.15
2008/4/29,63.5
2008/4/30,63.9
2008/5/2,64.2
2008/5/4,64.2
2008/5/5,62.95
2008/5/6,63.05
2008/5/7,63.6
2008/5/8,62.7
2008/5/9,62.25
2008/5/12,62.7
2008/5/13,63.9
2008/5/14,64.15
2008/5/15,65.05
2008/5/16,65.4
2008/5/19,65.65
2008/5/20,64
2008/5/21,63.4
2008/5/22,63.45
2008/5/23,62.45
2008/5/26,61.6
2008/5/27,62.2
2008/5/28,61.7
2008/5/29,62.3
2008/5/30,62.2
2008/5/31,62.2
2008/6/2,62.6
2008/6/3,61.6
2008/6/4,61.8
2008/6/5,62.7
2008/6/6,62.7
2008/6/9,61.15
2008/6/10,59.7
2008/6/11,59.9
2008/6/12,58.45
2008/6/13,58.8
2008/6/16,59.1
2008/6/17,59.5
2008/6/18,59.6
2008/6/19,58.45
2008/6/20,57.2
2008/6/23,57.35
2008/6/24,56.9
2008/6/25,57.5
2008/6/26,57.05
2008/6/27,55.25
2008/6/30,55
2008/7/1,54.9
2008/7/2,54.3
2008/7/3,54.2
2008/7/4,52.6
2008/7/7,53.55
2008/7/8,51.7
2008/7/9,51.45
2008/7/10,51.7
2008/7/11,52.9
2008/7/14,52.2
2008/7/15,49.9
2008/7/16,49.5
2008/7/17,52.2
2008/7/18,51
2008/7/21,53.75
2008/7/22,52.9
2008/7/23,54.3
2008/7/24,54.65
2008/7/25,53.9
2008/7/29,51.95
2008/7/30,52.55
2008/7/31,52.4
2008/8/1,52.4
2008/8/4,52.5
2008/8/5,51.4
2008/8/6,53.3
2008/8/7,53.05
2008/8/8,54.65
2008/8/11,55.6
2008/8/12,55.55
2008/8/13,55.35
2008/8/14,55.75
2008/8/15,54.4
2008/8/18,53.35
2008/8/19,52.9
2008/8/20,53.4
2008/8/21,52.55
2008/8/22,52.7
2008/8/25,53.7
2008/8/26,53.25
2008/8/27,54.1
2008/8/28,53.7
2008/8/29,53.65
2008/8/31,53.65
2008/9/1,51.45
2008/9/2,50.6
2008/9/3,50
2008/9/4,48.99
2008/9/5,48.58
2008/9/8,51.95
2008/9/9,49.65
2008/9/10,49.86
2008/9/11,48.37
2008/9/12,48.87
2008/9/15,46.55
2008/9/16,45
2008/9/17,45.91
2008/9/18,44.5
2008/9/19,47.61
2008/9/22,48.5
2008/9/23,48.76
2008/9/24,48.46
2008/9/25,47.7
2008/9/26,46.6
2008/9/30,44.6
2008/10/1,45.6
2008/10/2,44.55
2008/10/3,44.73
2008/10/6,42.7
2008/10/7,42.95
2008/10/8,40.19
2008/10/9,40.24
2008/10/13,38.84
2008/10/14,41.55
2008/10/15,40.57
2008/10/16,39.15
2008/10/17,38.02
2008/10/20,38.34
2008/10/21,38.12
2008/10/22,36.79
2008/10/23,35.51
2008/10/24,32.34
2008/10/27,30.1
2008/10/28,32.19
2008/10/29,32.19
2008/10/30,34.44
2008/10/31,36.54
2008/11/3,36.69
2008/11/4,36.64
2008/11/5,36.8
2008/11/6,34.23
2008/11/7,34.39
2008/11/10,34.05
2008/11/11,33.46
2008/11/12,33.46
2008/11/13,31.6
2008/11/14,32
2008/11/17,32.2
2008/11/18,30.9
2008/11/19,30.96
2008/11/20,29.5
2008/11/21,30.78
2008/11/24,29.96
2008/11/25,30.6
2008/11/26,30.95
2008/11/27,32.8
2008/11/28,32.13
2008/11/30,32.13
2008/12/1,32.5
2008/12/2,30.6
2008/12/3,30.5
2008/12/4,30.01
2008/12/5,30.18
2008/12/8,32.29
2008/12/9,32.29
2008/12/10,34.19
2008/12/11,33.8
2008/12/12,32
2008/12/15,33.51
2008/12/16,33.51
2008/12/17,33.67
2008/12/18,33.79
2008/12/19,33.82
2008/12/22,32.65
2008/12/23,31.75
2008/12/24,31.8
2008/12/25,31.83
2008/12/26,31.85
2008/12/29,31.8
2008/12/30,33.16
2008/12/31,32.87
2009/1/5,34.2
2009/1/6,34.18
2009/1/7,34.63
2009/1/8,32.43
2009/1/9,32.22
2009/1/10,32.01
2009/1/12,31.96
2009/1/13,32.66
2009/1/14,32.5
2009/1/15,31
2009/1/16,31.38
2009/1/17,31.4
2009/1/19,31.53
2009/1/20,30.7
2009/1/21,30.5
2009/1/31,30.5
2009/2/2,30.88
2009/2/3,31.47
2009/2/4,31.69
2009/2/5,31.43
2009/2/6,32.2
2009/2/9,32.5
2009/2/10,32.7
2009/2/11,33.25
2009/2/12,32.35
2009/2/13,33.28
2009/2/16,33.21
2009/2/17,32.44
2009/2/18,32.49
2009/2/19,32.92
2009/2/20,32.1
2009/2/23,32.44
2009/2/24,32.16
2009/2/25,32.74
2009/2/26,32.8
2009/2/27,33.05
2009/2/28,33.05
2009/3/2,31.93
2009/3/3,31.95
2009/3/4,32.75
2009/3/5,33.45
2009/3/6,33.67
2009/3/9,33.32
2009/3/10,33.48
2009/3/11,34.25
2009/3/12,34.05
2009/3/13,35
2009/3/16,35.53
2009/3/17,36.17
2009/3/18,36.1
2009/3/19,35.9
2009/3/20,35.42
2009/3/23,36.57
2009/3/24,37.45
2009/3/25,37.82
2009/3/26,38.1
2009/3/27,37.77
2009/3/30,36.29
2009/3/31,36.64
2009/4/1,37.29
2009/4/2,38.58
2009/4/3,38.6
2009/4/6,38.79
2009/4/7,38.8
2009/4/8,37.73
2009/4/9,39.28
2009/4/10,39.97
2009/4/13,40.18
2009/4/14,40.5
2009/4/15,40.25
2009/4/16,41.2
2009/4/17,39.88
2009/4/20,40.17
2009/4/21,40.78
2009/4/22,40.65
2009/4/23,40.46
2009/4/24,40.5
2009/4/27,39.52
2009/4/28,39.05
2009/4/29,39.4
2009/4/30,42.15
2009/5/4,45.1
2009/5/5,46.3
2009/5/6,46.4
2009/5/7,46.3
2009/5/8,45.83
2009/5/11,46.2
2009/5/12,44.6
2009/5/13,44.67
2009/5/14,43.65
2009/5/15,44.8
2009/5/18,45.06
2009/5/19,46.1
2009/5/20,46.3
2009/5/21,45.95
2009/5/22,45.78
2009/5/25,45.73
2009/5/26,45.6
2009/5/27,48
2009/5/31,48
2009/6/1,47.72
2009/6/2,47.85
2009/6/3,47.79
2009/6/4,46.7
2009/6/5,46.62
2009/6/6,46.9
2009/6/8,45.71
2009/6/9,44.45
2009/6/10,44.85
2009/6/11,45.25
2009/6/12,44.66
2009/6/15,43.04
2009/6/16,43.05
2009/6/17,42.97
2009/6/18,42.75
2009/6/19,43.25
2009/6/22,43.9
2009/6/23,42.85
2009/6/24,44.08
2009/6/25,44.58
2009/6/26,44.6
2009/6/29,44.28
2009/6/30,44.46
2009/7/1,45.45
2009/7/2,45.9
2009/7/3,45.8
2009/7/6,45.69
2009/7/7,46.19
2009/7/8,45.66
2009/7/9,46.5
2009/7/10,46.78
2009/7/13,45.3
2009/7/14,46.14
2009/7/15,47.05
2009/7/16,47.45
2009/7/17,47.87
2009/7/20,48.5
2009/7/21,48.4
2009/7/22,48.48
2009/7/23,48.51
2009/7/24,48.38
2009/7/27,48.83
2009/7/28,49.7
2009/7/29,49.35
2009/7/30,48.85
2009/7/31,49.02
2009/8/3,49.19
2009/8/4,48.65
2009/8/5,48.05
2009/8/6,48.14
2009/8/10,48.26
2009/8/11,48.42
2009/8/12,48.25
2009/8/13,49.36
2009/8/14,49.62
2009/8/17,48.66
2009/8/18,48.02
2009/8/19,47.86
2009/8/20,47.6
2009/8/21,47.18
2009/8/24,48.7
2009/8/25,48.33
2009/8/26,48
2009/8/27,47.75
2009/8/28,48.4
2009/8/31,48.45
2009/9/1,50.2
2009/9/2,50.2
2009/9/3,50.45
2009/9/4,51.05
2009/9/7,51.8
2009/9/8,52.5
2009/9/9,52.05
2009/9/10,52.85
2009/9/11,52.5
2009/9/14,51.85
2009/9/15,52.45
2009/9/16,53.2
2009/9/17,53.15
2009/9/18,53.3
2009/9/21,53.15
2009/9/22,52.95
2009/9/23,52.7
2009/9/24,52
2009/9/25,52.35
2009/9/28,51.8
2009/9/29,52.85
2009/9/30,53.3
2009/10/1,53.65
2009/10/2,52.7
2009/10/5,52.65
2009/10/6,53.6
2009/10/7,53.9
2009/10/8,53.05
2009/10/9,53.35
2009/10/12,53.6
2009/10/13,53.7
2009/10/14,54.35
2009/10/15,54.65
2009/10/16,54.65
2009/10/19,54.85
2009/10/20,54.9
2009/10/21,54.5
2009/10/22,53.7
2009/10/23,53.25
2009/10/26,53.5
2009/10/27,53.4
2009/10/28,52.55
2009/10/29,51.55
2009/10/30,51.65
2009/10/31,51.65
2009/11/2,51.35
2009/11/3,51
2009/11/4,51.95
2009/11/5,51.85
2009/11/6,52.25
2009/11/9,52.75
2009/11/10,53.15
2009/11/11,53.85
2009/11/12,53.8
2009/11/13,53.65
2009/11/16,54.55
2009/11/17,54.1
2009/11/18,54.15
2009/11/19,53.95
2009/11/20,53.45
2009/11/23,53.4
2009/11/24,53.65
2009/11/25,54
2009/11/26,53.85
2009/11/27,52.2
2009/11/30,52.7
2009/12/1,53.25
2009/12/2,53.4
2009/12/3,53.45
2009/12/4,53.1
2009/12/7,53.95
2009/12/8,53.7
2009/12/9,53.85
2009/12/10,53
2009/12/11,53.85
2009/12/14,53.9
2009/12/15,53.75
2009/12/16,53.2
2009/12/17,53.4
2009/12/18,53.25
2009/12/21,53.7
2009/12/22,54.15
2009/12/23,54.55
2009/12/24,55.1
2009/12/25,55.2
2009/12/28,55.6
2009/12/29,55.5
2009/12/30,55.7
2009/12/31,56.45
2010/1/4,56.5
2010/1/5,56.5
2010/1/6,57.55
2010/1/7,57.4
2010/1/8,57.75
2010/1/11,57.9
2010/1/12,57.6
2010/1/13,56.75
2010/1/14,57.45
2010/1/15,57.8
2010/1/18,57.5
2010/1/19,56.75
2010/1/20,56.4
2010/1/21,55.95
2010/1/22,54.4
2010/1/25,54.2
2010/1/26,52.95
2010/1/27,52.9
2010/1/28,54.05
2010/1/29,53
2010/1/31,53
2010/2/1,52.4
2010/2/2,51.85
2010/2/3,52.75
2010/2/4,52.55
2010/2/5,50.75
2010/2/6,51.2
2010/2/8,50.85
2010/2/9,51.55
2010/2/10,52.1
2010/2/22,52.6
2010/2/23,52.6
2010/2/24,52.25
2010/2/25,51.65
2010/2/26,51.55
2010/2/28,51.55
2010/3/1,52.8
2010/3/2,52.65
2010/3/3,52.65
2010/3/4,52.2
2010/3/5,52.95
2010/3/8,53.65
2010/3/9,53.8
2010/3/10,53.8
2010/3/11,53.65
2010/3/12,53.6
2010/3/15,52.85
2010/3/16,53.1
2010/3/17,54.15
2010/3/18,54.4
2010/3/19,54.25
2010/3/22,53.7
2010/3/23,53.35
2010/3/24,53.5
2010/3/25,53.5
2010/3/26,54
2010/3/29,54.5
2010/3/30,54.45
2010/3/31,54.25
2010/4/1,54.75
2010/4/2,54.75
2010/4/6,55.3
2010/4/7,55.4
2010/4/8,55.05
2010/4/9,55.2
2010/4/12,55.45
2010/4/13,54.8
2010/4/14,55.2
2010/4/15,55.55
2010/4/16,55.2
2010/4/19,53.65
2010/4/20,53.85
2010/4/21,54.55
2010/4/22,54.45
2010/4/23,54.75
2010/4/26,55.9
2010/4/27,55.85
2010/4/28,55.25
2010/4/29,55
2010/4/30,54.8
2010/5/3,54.45
2010/5/4,54.5
2010/5/5,53
2010/5/6,51.95
2010/5/7,51.95
2010/5/10,52.4
2010/5/11,52.2
2010/5/12,52.1
2010/5/13,53.25
2010/5/14,53.1
2010/5/17,51.9
2010/5/18,52
2010/5/19,51.45
2010/5/20,50.8
2010/5/21,49.75
2010/5/24,50.45
2010/5/25,49.12
2010/5/26,49.32
2010/5/27,49.66
2010/5/28,49.87
2010/5/31,50.1
2010/6/1,49.83
2010/6/2,49.05
2010/6/3,50.2
2010/6/4,50.05
2010/6/7,48.74
2010/6/8,48.56
2010/6/9,48.18
2010/6/10,48.85
2010/6/11,49.62
2010/6/14,50.35
2010/6/15,50.7
2010/6/17,51.05
2010/6/18,50.9
2010/6/21,52
2010/6/22,51.7
2010/6/23,51.15
2010/6/24,51.3
2010/6/25,50.6
2010/6/28,50.8
2010/6/29,50.5
2010/6/30,49.55
2010/7/1,49.19
2010/7/2,49.49
2010/7/5,50.5
2010/7/6,51.4
2010/7/7,51.3
2010/7/8,52.05
2010/7/9,52.35
2010/7/12,52.3
2010/7/13,52.15
2010/7/14,53.15
2010/7/15,53.25
2010/7/16,52.9
2010/7/19,52.75
2010/7/20,53.2
2010/7/21,52.9
2010/7/22,52.95
2010/7/23,53.7
2010/7/26,53.85
2010/7/27,53.6
2010/7/28,54.05
2010/7/29,54.1
2010/7/30,53.9
2010/7/31,53.9
2010/8/2,54.95
2010/8/3,55.2
2010/8/4,55.1
2010/8/5,55.05
2010/8/6,55.2
2010/8/9,55.5
2010/8/10,55.4
2010/8/11,54.7
2010/8/12,54.25
2010/8/13,54.85
2010/8/16,55
2010/8/17,54.95
2010/8/18,54.65
2010/8/19,54.95
2010/8/20,54.95
2010/8/23,55.3
2010/8/24,54.95
2010/8/25,53.95
2010/8/26,53.6
2010/8/27,53.85
2010/8/30,54.1
2010/8/31,53.3
2010/9/1,53.7
2010/9/2,54
2010/9/3,54.55
2010/9/6,54.95
2010/9/7,54.85
2010/9/8,54.75
2010/9/9,54.75
2010/9/10,55.25
2010/9/13,56.8
2010/9/14,57
2010/9/15,57.25
2010/9/16,56.65
2010/9/17,57.3
2010/9/20,57.25
2010/9/21,57.35
2010/9/23,57.35
2010/9/24,57
2010/9/27,57.5
2010/9/28,57.4
2010/9/29,57.8
2010/9/30,57.7
2010/10/1,57.75
2010/10/4,57.75
2010/10/5,57.4
2010/10/6,57.75
2010/10/7,57.95
2010/10/8,57.6
2010/10/11,56.95
2010/10/12,56.2
2010/10/13,56.55
2010/10/14,57.45
2010/10/15,57.35
2010/10/18,56.2
2010/10/19,56.05
2010/10/20,56.7
2010/10/21,56.75
2010/10/22,57.1
2010/10/25,56.1
2010/10/26,56.35
2010/10/27,56.05
2010/10/28,56.5
2010/10/29,56
2010/10/31,56
2010/11/1,56.8
2010/11/2,56.8
2010/11/3,56.7
2010/11/4,57.05
2010/11/5,57.65
2010/11/8,57.55
2010/11/9,57.7
2010/11/10,57.65
2010/11/11,57.5
2010/11/12,56.35
2010/11/15,56.15
2010/11/16,56.75
2010/11/17,56.5
2010/11/18,56.6
2010/11/19,56.65
2010/11/22,57.35
2010/11/23,56.9
2010/11/24,56.85
2010/11/25,57.1
2010/11/26,56.8
2010/11/29,56.9
2010/11/30,57.1
2010/12/1,58
2010/12/2,58.45
2010/12/3,59
2010/12/6,59.15
2010/12/7,59.1
2010/12/8,59.1
2010/12/9,59.7
2010/12/10,59.3
2010/12/13,59.45
2010/12/14,59.3
2010/12/15,59.6
2010/12/16,59.7
2010/12/17,60.2
2010/12/20,59.9
2010/12/21,60.05
2010/12/22,60.05
2010/12/23,60.45
2010/12/24,60.2
2010/12/27,60.45
2010/12/28,60.35
2010/12/29,60.5
2010/12/30,60.8
2010/12/31,61.4
2011/1/3,61.45
2011/1/4,61.3
2011/1/5,60.3
2011/1/6,60.2
2011/1/7,59.65
2011/1/10,59.85
2011/1/11,60.85
2011/1/12,61.1
2011/1/13,61.05
2011/1/14,61
2011/1/17,60.85
2011/1/18,61.35
2011/1/19,62.05
2011/1/20,61.65
2011/1/21,61
2011/1/24,60.95
2011/1/25,61.45
2011/1/26,62
2011/1/27,62.45
2011/1/28,63
2011/1/31,63
2011/2/8,62.6
2011/2/9,62
2011/2/10,60.85
2011/2/11,58.9
2011/2/14,59.4
2011/2/15,59.75
2011/2/16,59.85
2011/2/17,59.65
2011/2/18,60.65
2011/2/21,60.65
2011/2/22,59.85
2011/2/23,59
2011/2/24,59
2011/2/25,59.5
2011/2/28,59.5
2011/3/1,59.95
2011/3/2,59.45
2011/3/3,60.2
2011/3/4,60.65
2011/3/7,60.2
2011/3/8,60.25
2011/3/9,60.2
2011/3/10,59.5
2011/3/11,58.85
2011/3/14,58.8
2011/3/15,57.5
2011/3/16,57.3
2011/3/17,57.3
2011/3/18,57.75
2011/3/21,58.1
2011/3/22,58.4
2011/3/23,58.5
2011/3/24,58.75
2011/3/25,59.35
2011/3/28,59.15
2011/3/29,59.25
2011/3/30,59.6
2011/3/31,59.55
2011/4/1,59.85
2011/4/6,61.15
2011/4/7,61.3
2011/4/8,61.1
2011/4/11,61.1
2011/4/12,60.05
2011/4/13,60.4
2011/4/14,60.35
2011/4/15,59.65
2011/4/18,59.55
2011/4/19,59.2
2011/4/20,60.3
2011/4/21,61.7
2011/4/22,61.6
2011/4/25,61.45
2011/4/26,61.2
2011/4/27,62.15
2011/4/28,62.15
2011/4/29,62
2011/4/30,62
2011/5/3,62.15
2011/5/4,61.8
2011/5/5,62.25
2011/5/6,61.95
2011/5/9,62.3
2011/5/10,62.3
2011/5/11,62.05
2011/5/12,62.25
2011/5/13,62.05
2011/5/16,61.3
2011/5/17,61.25
2011/5/18,61.6
2011/5/19,61.05
2011/5/20,61.1
2011/5/23,60.35
2011/5/24,60.45
2011/5/25,60.25
2011/5/26,60.85
2011/5/27,60.6
2011/5/30,60.5
2011/5/31,62
2011/6/1,62.35
2011/6/2,61.9
2011/6/3,62.2
2011/6/7,62.2
2011/6/8,62
2011/6/9,62
2011/6/10,60.55
2011/6/13,59.75
2011/6/14,60.75
2011/6/15,60.5
2011/6/16,59.4
2011/6/17,59.2
2011/6/20,58.6
2011/6/21,59.05
2011/6/22,59.2
2011/6/23,58.65
2011/6/24,58.2
2011/6/27,57.8
2011/6/28,57.65
2011/6/29,58.65
2011/6/30,58.85
2011/7/1,59.7
2011/7/4,60.05
2011/7/5,59.95
2011/7/6,60.6
2011/7/7,60.35
2011/7/8,60.05
2011/7/11,59.65
2011/7/12,58.7
2011/7/13,58.7
2011/7/14,58.9
2011/7/15,59.2
2011/7/18,59
2011/7/19,58.9
2011/7/20,60.45
2011/7/21,60.6
2011/7/22,61
2011/7/25,60.4
2011/7/26,61.2
2011/7/27,61.35
2011/7/28,60.85
2011/7/29,59.9
2011/7/31,59.9
2011/8/1,60.35
2011/8/2,59.55
2011/8/3,58.6
2011/8/4,57.85
2011/8/5,54.45
2011/8/8,53.5
2011/8/9,53
2011/8/10,54.1
2011/8/11,54.1
2011/8/12,53.55
2011/8/15,54.6
2011/8/16,54.35
2011/8/17,53.95
2011/8/18,52.95
2011/8/19,51.1
2011/8/22,51.5
2011/8/23,53.3
2011/8/24,52.6
2011/8/25,52.35
2011/8/26,53.05
2011/8/29,53.8
2011/8/30,54.2
2011/8/31,54.55
2011/9/1,55.15
2011/9/2,55.15
2011/9/5,53.6
2011/9/6,52.55
2011/9/7,53.55
2011/9/8,53.7
2011/9/9,54.15
2011/9/13,52.65
2011/9/14,51.6
2011/9/15,52.85
2011/9/16,54.1
2011/9/19,53.2
2011/9/20,53.4
2011/9/21,53.6
2011/9/22,52.1
2011/9/23,50.35
2011/9/26,49.32
2011/9/27,51.1
2011/9/28,51.15
2011/9/29,51.6
2011/9/30,51.65
2011/10/3,50.3
2011/10/4,50.75
2011/10/5,50.25
2011/10/6,51.25
2011/10/7,51.55
2011/10/11,53
2011/10/12,52.85
2011/10/13,52.8
2011/10/14,52.45
2011/10/17,53.1
2011/10/18,52.55
2011/10/19,52.35
2011/10/20,51.75
2011/10/21,51.95
2011/10/24,53.6
2011/10/25,53.6
2011/10/26,52.15
2011/10/27,52.25
2011/10/28,52.4
2011/10/31,52.2
2011/11/1,52.55
2011/11/2,52.4
2011/11/3,51.45
2011/11/4,52.3
2011/11/7,52.4
2011/11/8,52.15
2011/11/9,52.2
2011/11/10,50.55
2011/11/11,50.9
2011/11/14,52.15
2011/11/15,51.85
2011/11/16,51.2
2011/11/17,51.35
2011/11/18,50.3
2011/11/21,49.23
2011/11/22,49.02
2011/11/23,47.85
2011/11/24,47.86
2011/11/25,47.44
2011/11/28,48.29
2011/11/29,48.72
2011/11/30,48.08
2011/12/1,50.3
2011/12/2,49.82
2011/12/5,49.66
2011/12/6,48.69
2011/12/7,49.2
2011/12/8,48.86
2011/12/9,48.24
2011/12/12,48.8
2011/12/13,48.55
2011/12/14,48.59
2011/12/15,47.5
2011/12/16,47.7
2011/12/19,46.74
2011/12/20,47
2011/12/21,49.28
2011/12/22,49.16
2011/12/23,50
2011/12/26,49.95
2011/12/27,49.85
2011/12/28,49.57
2011/12/29,49.61
2011/12/30,49.81
2011/12/31,49.81
2012/1/2,49.06
2012/1/3,49.7
2012/1/4,50
2012/1/5,50.15
2012/1/6,50
2012/1/9,49.81
2012/1/10,50.7
2012/1/11,50.65
2012/1/12,50.75
2012/1/13,50.85
2012/1/16,50.05
2012/1/17,50.55
2012/1/18,50.4
2012/1/30,51.8
2012/1/31,51.95
2012/2/1,52.3
2012/2/2,52.9
2012/2/3,53.05
2012/2/4,53.65
2012/2/6,53.2
2012/2/7,53.3
2012/2/8,54.45
2012/2/9,54.4
2012/2/10,53.95
2012/2/13,54.2
2012/2/14,54
2012/2/15,54.9
2012/2/16,54.25
2012/2/17,54.75
2012/2/20,54.7
2012/2/21,54.5
2012/2/22,54.85
2012/2/23,54.6
2012/2/24,54.75
2012/2/29,56
2012/3/1,55.9
2012/3/2,55.6
2012/3/3,55.4
2012/3/5,54.85
2012/3/6,54.6
2012/3/7,54.4
2012/3/8,54.7
2012/3/9,54.95
2012/3/12,54.35
2012/3/13,55.1
2012/3/14,55.9
2012/3/15,55.65
2012/3/16,55.4
2012/3/19,55.25
2012/3/20,54.85
2012/3/21,54.85
2012/3/22,55.6
2012/3/23,55.45
2012/3/26,54.55
2012/3/27,55.25
2012/3/28,55.45
2012/3/29,54.7
2012/3/30,54.9
2012/3/31,54.9
2012/4/2,54.7
2012/4/3,54.25
2012/4/5,53.65
2012/4/6,53.75
2012/4/9,53.1
2012/4/10,53.1
2012/4/11,53.3
2012/4/12,53.35
2012/4/13,53.95
2012/4/16,53.8
2012/4/17,52.9
2012/4/18,53
2012/4/19,53.05
2012/4/20,52.35
2012/4/23,52.3
2012/4/24,52.4
2012/4/25,52.7
2012/4/26,52.3
2012/4/27,52.2
2012/4/30,52.05
2012/5/2,53.35
2012/5/3,53.1
2012/5/4,53.2
2012/5/7,52.05
2012/5/8,52.05
2012/5/9,51.7
2012/5/10,51.7
2012/5/11,51.15
2012/5/14,51.2
2012/5/15,51.2
2012/5/16,50.2
2012/5/17,50.8
2012/5/18,49.67
2012/5/21,49.95
2012/5/22,50.4
2012/5/23,49.49
2012/5/24,49.38
2012/5/25,49.01
2012/5/28,49.47
2012/5/29,50.7
2012/5/30,50.1
2012/5/31,50.15
2012/6/1,49.15
2012/6/4,47.68
2012/6/5,48.3
2012/6/6,48.63
2012/6/7,48.74
2012/6/8,48
2012/6/11,48.99
2012/6/12,48.61
2012/6/13,48.71
2012/6/14,48.78
2012/6/15,49.4
2012/6/18,50.2
2012/6/19,49.91
2012/6/20,50.45
2012/6/21,50.15
2012/6/22,49.56
2012/6/25,49.2
2012/6/26,48.99
2012/6/27,49.45
2012/6/28,49.53
2012/6/29,50.2
2012/6/30,50.2
2012/7/2,50.6
2012/7/3,51.2
2012/7/4,51.4
2012/7/5,51.3
2012/7/6,51
2012/7/9,50.95
2012/7/10,50.4
2012/7/11,50.55
2012/7/12,49.65
2012/7/13,49.5
2012/7/16,49.5
2012/7/17,49.85
2012/7/18,49.2
2012/7/19,50.2
2012/7/20,50.15
2012/7/23,49.25
2012/7/24,49.12
2012/7/25,48.86
2012/7/26,48.94
2012/7/27,49.92
2012/7/30,50.25
2012/7/31,51.1
2012/8/1,51.2
2012/8/3,50.9
2012/8/6,51.55
2012/8/7,51.6
2012/8/8,51.75
2012/8/9,52.85
2012/8/10,52.8
2012/8/13,53
2012/8/14,53.25
2012/8/15,53.05
2012/8/16,53.2
2012/8/17,52.95
2012/8/20,52.8
2012/8/21,53.4
2012/8/22,53.35
2012/8/23,53.3
2012/8/24,53.1
2012/8/27,53.2
2012/8/28,52.5
2012/8/29,52.7
2012/8/30,52.55
2012/8/31,52.75
2012/9/3,53.15
2012/9/4,53.05
2012/9/5,52.35
2012/9/6,52.15
2012/9/7,52.95
2012/9/10,53.35
2012/9/11,53.3
2012/9/12,54.05
2012/9/13,54.15
2012/9/14,55.5
2012/9/17,55.6
2012/9/18,55.4
2012/9/19,55.65
2012/9/20,55.25
2012/9/21,55.45
2012/9/24,55.5
2012/9/25,55.3
2012/9/26,54.9
2012/9/27,55.1
2012/9/28,55.15
2012/9/30,55.15
2012/10/1,55
2012/10/2,55.25
2012/10/3,55
2012/10/4,55.05
2012/10/5,55.1
2012/10/8,54.65
2012/10/9,54.4
2012/10/11,53.3
2012/10/12,53.15
2012/10/15,53.25
2012/10/16,53.5
2012/10/17,53.4
2012/10/18,53.65
2012/10/19,53.25
2012/10/22,52.9
2012/10/23,52.9
2012/10/24,51
2012/10/25,50.5
2012/10/26,49.91
2012/10/29,50
2012/10/30,50.45
2012/10/31,50.4
2012/11/1,50.35
2012/11/2,50.7
2012/11/5,50.5
2012/11/6,50.9
2012/11/7,51.15
2012/11/8,50.75
2012/11/9,51.1
2012/11/12,50.9
2012/11/13,50.05
2012/11/14,50.15
2012/11/15,50
2012/11/16,49.94
2012/11/19,50.25
2012/11/20,50.35
2012/11/21,49.97
2012/11/22,50.2
2012/11/23,51.7
2012/11/26,52.2
2012/11/27,52.4
2012/11/28,52.45
2012/11/29,53.1
2012/11/30,53.55
2012/12/3,53.5
2012/12/4,53.45
2012/12/5,53.75
2012/12/6,53.6
2012/12/7,53.9
2012/12/10,53.7
2012/12/11,53.65
2012/12/12,54.1
2012/12/13,54.7
2012/12/14,54.2
2012/12/17,53.5
2012/12/18,53.55
2012/12/19,53.7
2012/12/20,53.05
2012/12/21,52.8
2012/12/22,52.95
2012/12/24,52.7
2012/12/25,53.6
2012/12/26,53.5
2012/12/27,53.45
2012/12/28,53.8
2012/12/31,53.8
2013/1/2,54.4
2013/1/3,54.85
2013/1/4,54.5
2013/1/7,54.25
2013/1/8,53.9
2013/1/9,54.1
2013/1/10,54.5
2013/1/11,54.45
2013/1/14,54.5
2013/1/15,54
2013/1/16,53.7
2013/1/17,53.3
2013/1/18,53.95
2013/1/21,53.9
2013/1/22,54.05
2013/1/23,54
2013/1/24,53.7
2013/1/25,53.5
2013/1/28,53.75
2013/1/29,54.5
2013/1/30,54.6
2013/1/31,54.6
2013/2/1,54.8
2013/2/4,55.2
2013/2/5,55
2013/2/6,55.4
2013/2/7,55.4
2013/2/8,55.4
2013/2/18,55.6
2013/2/19,55.65
2013/2/20,56.1
2013/2/21,55.7
2013/2/22,55.5
2013/2/23,55.8
2013/2/25,55.7
2013/2/26,55.1
2013/2/27,55.2
2013/2/28,55.2
2013/3/1,55.4
2013/3/4,54.75
2013/3/5,55.2
2013/3/6,55.45
2013/3/7,55.4
2013/3/8,55.8
2013/3/11,55.9
2013/3/12,55.55
2013/3/13,55.65
2013/3/14,55.6
2013/3/15,55.2
2013/3/18,54.5
2013/3/19,54.6
2013/3/20,54.25
2013/3/21,54.3
2013/3/22,54.15
2013/3/25,54.55
2013/3/26,54.55
2013/3/27,54.7
2013/3/28,54.55
2013/3/29,55.1
2013/3/31,55.1
2013/4/1,55
2013/4/2,54.85
2013/4/3,55
2013/4/8,53.85
2013/4/9,53.7
2013/4/10,53.8
2013/4/11,54.35
2013/4/12,54.35
2013/4/15,53.9
2013/4/16,54
2013/4/17,53.9
2013/4/18,53.85
2013/4/19,55.45
2013/4/22,55.4
2013/4/23,55.1
2013/4/24,55.55
2013/4/25,55.65
2013/4/26,55.85
2013/4/29,55.8
2013/4/30,56.4
2013/5/2,56.55
2013/5/3,56.65
2013/5/6,56.9
2013/5/7,57.1
2013/5/8,57.85
2013/5/9,58.2
2013/5/10,57.9
2013/5/13,57.75
2013/5/14,57.9
2013/5/15,57.95
2013/5/16,58.7
2013/5/17,58.4
2013/5/20,58.3
2013/5/21,58.3
2013/5/22,58.25
2013/5/23,57
2013/5/24,56.85
2013/5/27,57.35
2013/5/28,57.15
2013/5/29,57.65
2013/5/30,56.95
2013/5/31,56.95
2013/6/3,56.7
2013/6/4,56.6
2013/6/5,56.6
2013/6/6,55.9
2013/6/7,56.05
2013/6/10,56.5
2013/6/11,56.35
2013/6/13,55
2013/6/14,54.8
2013/6/17,55.15
2013/6/18,55.4
2013/6/19,55.3
2013/6/20,54.25
2013/6/21,53.6
2013/6/24,53.4
2013/6/25,53
2013/6/26,53.7
2013/6/27,54.35
2013/6/28,55.1
2013/6/30,55.1
2013/7/1,55.6
2013/7/2,55.5
2013/7/3,54.85
2013/7/4,54.95
2013/7/5,56.05
2013/7/8,55
2013/7/9,55.65
2013/7/10,55.8
2013/7/11,57.2
2013/7/12,57.35
2013/7/15,57.5
2013/7/16,57.5
2013/7/17,57.6
2013/7/18,57.2
2013/7/19,55.95
2013/7/22,56.15
2013/7/23,57.05
2013/7/24,56.9
2013/7/25,57
2013/7/26,56.9
2013/7/29,56.5
2013/7/30,56.95
2013/7/31,56.6
2013/8/1,56.2
2013/8/2,56.55
2013/8/5,56.7
2013/8/6,55.9
2013/8/7,55.1
2013/8/8,54.9
2013/8/9,54.85
2013/8/12,55
2013/8/13,55.55
2013/8/14,55.4
2013/8/15,55
2013/8/16,55.25
2013/8/19,55.1
2013/8/20,54.6
2013/8/22,54.15
2013/8/23,54.85
2013/8/26,55.1
2013/8/27,54.6
2013/8/28,54.75
2013/8/29,55.5
2013/8/30,55.85
2013/8/31,55.85
2013/9/2,56.3
2013/9/3,56.65
2013/9/4,56.55
2013/9/5,56.9
2013/9/6,57
2013/9/9,57.2
2013/9/10,57.35
2013/9/11,57.5
2013/9/12,57.55
2013/9/13,57.1
2013/9/14,57.1
2013/9/16,57.8
2013/9/17,57.75
2013/9/18,57.55
2013/9/23,58
2013/9/24,58.05
2013/9/25,57.8
2013/9/26,57.25
2013/9/27,57.4
2013/9/30,57.15
2013/10/1,57.15
2013/10/2,57.35
2013/10/3,58.55
2013/10/4,58.45
2013/10/7,57.9
2013/10/8,58.35
2013/10/9,58.2
2013/10/11,58.45
2013/10/14,58
2013/10/15,58.5
2013/10/16,58.25
2013/10/17,58.55
2013/10/18,59.05
2013/10/21,59
2013/10/22,59
2013/10/23,58.7
2013/10/24,57.55
2013/10/25,57.1
2013/10/28,57.5
2013/10/29,57.75
2013/10/30,57.9
2013/10/31,57.9
2013/11/1,57.6
2013/11/4,57.35
2013/11/5,56.8
2013/11/6,56.8
2013/11/7,56.65
2013/11/8,56.45
2013/11/11,56.3
2013/11/12,56.5
2013/11/13,55.75
2013/11/14,55.9
2013/11/15,56.15
2013/11/18,56.45
2013/11/19,56.8
2013/11/20,56.45
2013/11/21,55.45
2013/11/22,55.5
2013/11/25,56.25
2013/11/26,56.7
2013/11/27,57
2013/11/28,57.35
2013/11/29,57.55
2013/11/30,57.55
2013/12/2,57.45
2013/12/3,57.5
2013/12/4,57.45
2013/12/5,57.1
2013/12/6,57.15
2013/12/9,57.65
2013/12/10,57.8
2013/12/11,57.85
2013/12/12,57.4
2013/12/13,57.35
2013/12/16,56.9
2013/12/17,57.2
2013/12/18,57
2013/12/19,57.35
2013/12/20,57.45
2013/12/23,57.85
2013/12/24,57.8
2013/12/25,57.85
2013/12/26,57.85
2013/12/27,58.3
2013/12/30,58.8
2013/12/31,58.7
2014/1/2,58.55
2014/1/3,57.85
2014/1/6,57.7
2014/1/7,57.7
2014/1/8,57.8
2014/1/9,57.55
2014/1/10,57.55
2014/1/13,57.9
2014/1/14,57.8
2014/1/15,58.4
2014/1/16,58.55
2014/1/17,58.65
2014/1/20,58.8
2014/1/21,58.55
2014/1/22,58.65
2014/1/23,58.5
2014/1/24,58.65
2014/1/27,57.6
2014/1/28,57.6
2014/1/29,57.6
2014/1/31,57.6
2014/2/5,55.8
2014/2/6,56
2014/2/7,56.6
2014/2/10,56.6
2014/2/11,56.95
2014/2/12,57.55
2014/2/13,57.4
2014/2/14,57.95
2014/2/17,57.95
2014/2/18,58.15
2014/2/19,58.15
2014/2/20,57.65
2014/2/21,58.2
2014/2/24,57.9
2014/2/25,58.15
2014/2/26,58.4
2014/2/27,58.3
2014/2/28,58.3
2014/3/3,57.95
2014/3/4,57.7
2014/3/5,58.3
2014/3/6,59.15
2014/3/7,59.4
2014/3/10,59.05
2014/3/11,59.35
2014/3/12,58.8
2014/3/13,59.75
2014/3/14,59.15
2014/3/17,59.05
2014/3/18,59.4
2014/3/19,59.25
2014/3/20,58.5
2014/3/21,58.5
2014/3/24,58.65
2014/3/25,59.15
2014/3/26,59.7
2014/3/27,59.8
2014/3/28,59.9
2014/3/31,60.1
2014/4/1,60.6
2014/4/2,60.8
2014/4/3,60.65
2014/4/7,60.5
2014/4/8,60.8
2014/4/9,61
2014/4/10,61.2
2014/4/11,61.15
2014/4/14,61.05
2014/4/15,61.35
2014/4/16,61.3
2014/4/17,61.15
2014/4/18,61.55
2014/4/21,61.55
2014/4/22,61.75
2014/4/23,61.65
2014/4/24,61.75
2014/4/25,60.7
2014/4/28,61.25
2014/4/29,61.35
2014/4/30,61
2014/5/2,61.3
2014/5/5,61.2
2014/5/6,61.55
2014/5/7,61.4
2014/5/8,61.85
2014/5/9,61.45
2014/5/12,61.15
2014/5/13,61.45
2014/5/14,61.8
2014/5/15,61.75
2014/5/16,61.85
2014/5/19,61.85
2014/5/20,62.1
2014/5/21,61.8
2014/5/22,62.65
2014/5/23,62.75
2014/5/26,63.05
2014/5/27,63.1
2014/5/28,63.7
2014/5/29,63.4
2014/5/30,63.1
2014/5/31,63.1
2014/6/3,63.15
2014/6/4,63.4
2014/6/5,63.4
2014/6/6,63.55
2014/6/9,63.8
2014/6/10,64.2
2014/6/11,64.15
2014/6/12,64
2014/6/13,63.85
2014/6/16,63.9
2014/6/17,64.35
2014/6/18,64.5
2014/6/19,64.95
2014/6/20,64.75
2014/6/23,64.7
2014/6/24,64.8
2014/6/25,64.65
2014/6/26,65.35
2014/6/27,65.35
2014/6/30,65.95
2014/7/1,66.55
2014/7/2,67.1
2014/7/3,67.7
2014/7/4,67.7
2014/7/7,67.6
2014/7/8,67.75
2014/7/9,67.85
2014/7/10,68.35
2014/7/11,68.3
2014/7/14,68.7
2014/7/15,68.95
2014/7/16,68.35
2014/7/17,67.5
2014/7/18,67.5
2014/7/21,67.5
2014/7/22,68.1
2014/7/24,68.4
2014/7/25,67.65
2014/7/28,67.5
2014/7/29,67.45
2014/7/30,67.85
2014/7/31,66.75
2014/8/1,66.25
2014/8/4,66.6
2014/8/5,65.25
2014/8/6,65.7
2014/8/7,65.7
2014/8/8,65.7
2014/8/11,66.05
2014/8/12,66.1
2014/8/13,66.75
2014/8/14,67.1
2014/8/15,67.1
2014/8/18,66.9
2014/8/19,67.75
2014/8/20,68
2014/8/21,67.9
2014/8/22,68.75
2014/8/25,68.65
2014/8/26,68.6
2014/8/27,69.25
2014/8/28,69.35
2014/8/29,69.2
2014/8/31,69.2
2014/9/1,69.8
2014/9/2,68.75
2014/9/3,69.25
2014/9/4,69
2014/9/5,69
2014/9/9,69.25
2014/9/10,68.65
2014/9/11,68.4
2014/9/12,67.75
2014/9/15,67.75
2014/9/16,67.2
2014/9/17,67.7
2014/9/18,67.85
2014/9/19,68
2014/9/22,66.95
2014/9/23,66.8
2014/9/24,66.55
2014/9/25,65.95
2014/9/26,65.6
2014/9/29,65.4
2014/9/30,65.3
2014/10/1,65.5
2014/10/2,65.5
2014/10/3,66.7
2014/10/6,66.65
2014/10/7,66.1
2014/10/8,65.7
2014/10/9,66
2014/10/13,64
2014/10/14,64.55
2014/10/15,64.1
2014/10/16,64
2014/10/17,63.35
2014/10/20,64.6
2014/10/21,64.3
2014/10/22,65.3
2014/10/23,65.05
2014/10/24,63.05
2014/10/27,63.25
2014/10/28,64.35
2014/10/29,65
2014/10/30,64.8
2014/10/31,65.3
2014/11/3,65.6
2014/11/4,65.65
2014/11/5,65.5
2014/11/6,65.1
2014/11/7,65.2
2014/11/10,66.15
2014/11/11,65.95
2014/11/12,65
2014/11/13,65.65
2014/11/14,65.7
2014/11/17,65.1
2014/11/18,64.9
2014/11/19,65.85
2014/11/20,66.6
2014/11/21,66.65
2014/11/24,66.8
2014/11/25,66.85
2014/11/26,66.85
2014/11/27,67.5
2014/11/28,67.5
2014/11/30,67.5
2014/12/1,66.8
2014/12/2,65.8
2014/12/3,66.85
2014/12/4,67.1
2014/12/5,66.85
2014/12/8,66.35
2014/12/9,66.2
2014/12/10,65.3
2014/12/11,65.25
2014/12/12,65.3
2014/12/15,65.1
2014/12/16,64.55
2014/12/17,63.55
2014/12/18,63.7
2014/12/19,65.2
2014/12/22,66
2014/12/23,65.8
2014/12/24,66.3
2014/12/25,66.3
2014/12/26,66.45
2014/12/27,66.6
2014/12/29,67.2
2014/12/30,66.85
2014/12/31,66.85
2015/1/5,66.55
2015/1/6,64.9
2015/1/7,65
2015/1/8,66.5
2015/1/9,66.15
2015/1/12,65.75
2015/1/13,65.95
2015/1/14,65.6
2015/1/15,65.8
2015/1/16,65.5
2015/1/19,66.25
2015/1/20,66.75
2015/1/21,67.25
2015/1/22,67.6
2015/1/23,68.7
2015/1/26,68.7
2015/1/27,69.15
2015/1/28,69.15
2015/1/29,68.3
2015/1/30,68
2015/1/31,68
2015/2/2,68.15
2015/2/3,68.65
2015/2/4,69.4
2015/2/5,69.1
2015/2/6,68.75
2015/2/9,68.5
2015/2/10,68.25
2015/2/11,69
2015/2/12,69
2015/2/13,69.45
2015/2/16,69.45
2015/2/17,69.45
2015/2/24,70.25
2015/2/25,70.8
2015/2/26,70.3
2015/2/28,70.3
2015/3/2,70
2015/3/3,69.9
2015/3/4,69.95
2015/3/5,69.7
2015/3/6,69.8
2015/3/9,69.1
2015/3/10,68.95
2015/3/11,69.05
2015/3/12,69.65
2015/3/13,69.45
2015/3/16,68.9
2015/3/17,69.15
2015/3/18,69.9
2015/3/19,70.65
2015/3/20,70.55
2015/3/23,70.75
2015/3/24,70.5
2015/3/25,70.25
2015/3/26,69.4
2015/3/27,68.75
2015/3/30,68.8
2015/3/31,69.05
2015/4/1,68.65
2015/4/2,69.5
2015/4/7,69.6
2015/4/8,69
2015/4/9,69.1
2015/4/10,69.65
2015/4/13,69.85
2015/4/14,69.5
2015/4/15,68.65
2015/4/16,69.7
2015/4/17,69.05
2015/4/20,68.95
2015/4/21,68.95
2015/4/22,69.65
2015/4/23,71.5
2015/4/24,72.2
2015/4/27,72.75
2015/4/28,72.6
2015/4/29,71.8
2015/4/30,71.45
2015/5/4,71.6
2015/5/5,71.2
2015/5/6,71.3
2015/5/7,70.45
2015/5/8,70.5
2015/5/11,70.85
2015/5/12,70.7
2015/5/13,71.1
2015/5/14,70.1
2015/5/15,70
2015/5/18,70.25
2015/5/19,71.3
2015/5/20,70.8
2015/5/21,70.15
2015/5/22,70.7
2015/5/25,70.7
2015/5/26,71
2015/5/27,71.15
2015/5/28,71.5
2015/5/29,71.1
2015/5/31,71.1
2015/6/1,70.5
2015/6/2,70.4
2015/6/3,69.95
2015/6/4,68.6
2015/6/5,68.45
2015/6/8,68.9
2015/6/9,68.35
2015/6/10,68.65
2015/6/11,68.85
2015/6/12,68.8
2015/6/15,68.65
2015/6/16,68.2
2015/6/17,68.5
2015/6/18,68.4
2015/6/22,69.35
2015/6/23,69.55
2015/6/24,69.65
2015/6/25,70.45
2015/6/26,70.45
2015/6/29,68.8
2015/6/30,69.4
2015/7/1,70.05
2015/7/2,70.1
2015/7/3,70.1
2015/7/6,69.3
2015/7/7,69.6
2015/7/8,67.5
2015/7/9,67.1
2015/7/13,68.1
2015/7/14,68.1
2015/7/15,68.25
2015/7/16,68.6
2015/7/17,68.5
2015/7/20,68
2015/7/21,68.65
2015/7/22,67.8
2015/7/23,67.15
2015/7/24,66.75
2015/7/27,65.8
2015/7/28,65.85
2015/7/29,65.4
2015/7/30,66.5
2015/7/31,66.15
2015/8/3,65.25
2015/8/4,65.3
2015/8/5,65.7
2015/8/6,65
2015/8/7,64.7
2015/8/10,64.55
2015/8/11,64.55
2015/8/12,63.45
2015/8/13,63.55
2015/8/14,63.3
2015/8/17,62.9
2015/8/18,62.55
2015/8/19,61.6
2015/8/20,61.4
2015/8/21,59.8
2015/8/24,57.5
2015/8/25,60
2015/8/26,60.35
2015/8/27,60.15
2015/8/28,61.8
2015/8/31,62.3
2015/9/1,61.75
2015/9/2,62.1
2015/9/3,62.15
2015/9/4,61.35
2015/9/7,61.25
2015/9/8,61.45
2015/9/9,64.15
2015/9/10,63.45
2015/9/11,63.5
2015/9/14,63.65
2015/9/15,63.15
2015/9/16,63.9
2015/9/17,65
2015/9/18,64.85
2015/9/21,63.45
2015/9/22,63.8
2015/9/23,62.35
2015/9/24,62
2015/9/25,62.25
2015/9/30,62.4
2015/10/1,63.6
2015/10/2,63.25
2015/10/5,63.4
2015/10/6,63.9
2015/10/7,64.85
2015/10/8,64.7
2015/10/12,65.55
2015/10/13,65.3
2015/10/14,65.05
2015/10/15,66
2015/10/16,65.75
2015/10/19,65.95
2015/10/20,65.95
2015/10/21,65.5
2015/10/22,65.5
2015/10/23,65.9
2015/10/26,64.55
2015/10/27,64.2
2015/10/28,63.75
2015/10/29,63.3
2015/10/30,63.2
2015/10/31,63.2
2015/11/2,63.3
2015/11/3,64.3
2015/11/4,65.55
2015/11/5,65.4
2015/11/6,64.1
2015/11/9,63.65
2015/11/10,62.9
2015/11/11,62.15
2015/11/12,62.25
2015/11/13,61.6
2015/11/16,61.15
2015/11/17,62.35
2015/11/18,61.4
2015/11/19,62.3
2015/11/20,62.3
2015/11/23,62.6
2015/11/24,61.95
2015/11/25,61.95
2015/11/26,62.8
2015/11/27,61.95
2015/11/30,61.2
2015/12/1,62.4
2015/12/2,62.3
2015/12/3,62.4
2015/12/4,61.75
2015/12/7,62.5
2015/12/8,61.5
2015/12/9,60.75
2015/12/10,60.55
2015/12/11,59.85
2015/12/14,59.4
2015/12/15,59.45
2015/12/16,60.35
2015/12/17,61.05
2015/12/18,60.75
2015/12/21,60.65
2015/12/22,60.8
2015/12/23,60.9
2015/12/24,61.2
2015/12/25,61.6
2015/12/28,61.45
2015/12/29,61
2015/12/30,60.55
2015/12/31,60.75
2016/1/4,59.55
2016/1/5,59.05
2016/1/6,58.45
2016/1/7,57.35
2016/1/8,57.45
2016/1/11,56.55
2016/1/12,56.5
2016/1/13,57.15
2016/1/14,56.7
2016/1/15,56.7
2016/1/18,57.1
2016/1/19,57.25
2016/1/20,55.9
2016/1/21,55.8
2016/1/22,56.55
2016/1/25,57.55
2016/1/26,57
2016/1/27,57.25
2016/1/28,57.55
2016/1/29,59
2016/1/30,59.55
2016/1/31,59.55
2016/2/1,59.55
2016/2/2,59.35
2016/2/3,58.95
2016/2/4,58.95
2016/2/5,58.95
2016/2/15,59
2016/2/16,60.25
2016/2/17,59.95
2016/2/18,60.9
2016/2/19,60.85
2016/2/22,60.8
2016/2/23,60.85
2016/2/24,60.3
2016/2/25,61.1
2016/2/26,61.25
2016/2/29,61.25
2016/3/1,61.85
2016/3/2,62.35
2016/3/3,62.95
2016/3/4,63.1
2016/3/7,63.1
2016/3/8,63.05
2016/3/9,63.1
2016/3/10,63.25
2016/3/11,63.55
2016/3/14,64
2016/3/15,63.05
2016/3/16,63.6
2016/3/17,64.3
2016/3/18,64.7
2016/3/21,64.6
2016/3/22,64.4
2016/3/23,64.35
2016/3/24,64.35
2016/3/25,64.05
2016/3/28,64.1
2016/3/29,63.65
2016/3/30,64.7
2016/3/31,64.65
2016/4/1,63.9
2016/4/6,62.4
2016/4/7,62.15
2016/4/8,62.75
2016/4/11,63
2016/4/12,62.95
2016/4/13,64.05
2016/4/14,64.25
2016/4/15,64.25
2016/4/18,63.85
2016/4/19,63.6
2016/4/20,62.65
2016/4/21,62.95
2016/4/22,63.2
2016/4/25,63.25
2016/4/26,63.5
2016/4/27,63.4
2016/4/28,62.4
2016/4/29,61.6
2016/4/30,61.6
2016/5/3,60.75
2016/5/4,60.1
2016/5/5,60.2
2016/5/6,59.7
2016/5/9,59.7
2016/5/10,60
2016/5/11,59.85
2016/5/12,59.8
2016/5/13,59.15
2016/5/16,59.6
2016/5/17,60.05
2016/5/18,59.95
2016/5/19,59.65
2016/5/20,60
2016/5/23,62
2016/5/24,61.35
2016/5/25,62
2016/5/26,62.15
2016/5/27,62.6
2016/5/30,63.15
2016/5/31,63.15
2016/6/1,63.7
2016/6/2,63.7
2016/6/3,63.85
2016/6/4,63.95
2016/6/6,64.05
2016/6/7,64.9
2016/6/8,65.25
2016/6/13,63.75
2016/6/14,64.15
2016/6/15,64.25
2016/6/16,63.35
2016/6/17,64.05
2016/6/20,64.5
2016/6/21,64.75
2016/6/22,64.95
2016/6/23,64.8
2016/6/24,63.1
2016/6/27,63.75
2016/6/28,64
2016/6/29,64.7
2016/6/30,65.45
2016/7/1,66.25
2016/7/4,66.3
2016/7/5,66.1
2016/7/6,64.9
2016/7/7,65.7
2016/7/11,67
2016/7/12,67.6
2016/7/13,67.65
2016/7/14,67.7
2016/7/15,68.5
2016/7/18,69.15
2016/7/19,69.25
2016/7/20,69.2
2016/7/21,69.55
2016/7/22,69.3
2016/7/25,69
2016/7/26,69.4
2016/7/27,69.7
2016/7/28,69.05
2016/7/29,68.55
2016/7/31,68.55
2016/8/1,69.3
2016/8/2,69.3
2016/8/3,68.75
2016/8/4,68.9
2016/8/5,69.6
2016/8/8,70.05
2016/8/9,70.4
2016/8/10,70.6
2016/8/11,69.95
2016/8/12,70.2
2016/8/15,70.35
2016/8/16,69.95
2016/8/17,70.05
2016/8/18,69.9
2016/8/19,69.2
2016/8/22,68.7
2016/8/23,69.4
2016/8/24,69.2
2016/8/25,70
2016/8/26,70.1
2016/8/29,70.05
2016/8/30,70
2016/8/31,69.4
2016/9/1,69.05
2016/9/2,69.15
2016/9/5,70.3
2016/9/6,70.85
2016/9/7,71.85
2016/9/8,71.6
2016/9/9,70.4
2016/9/10,69.4
2016/9/12,68.85
2016/9/13,68.85
2016/9/14,68.45
2016/9/19,71
2016/9/20,70.9
2016/9/21,71.25
2016/9/22,71.4
2016/9/23,71.9
2016/9/26,71
2016/9/29,71.9
2016/9/30,70.95
2016/10/3,71.45
2016/10/4,71.75
2016/10/5,71.5
2016/10/6,71.7
2016/10/7,71.65
2016/10/11,71.45
2016/10/12,72.25
2016/10/13,71.7
2016/10/14,71.45
2016/10/17,71.45
2016/10/18,71.95
2016/10/19,72.35
2016/10/20,72.65
2016/10/21,72.6
2016/10/24,72.7
2016/10/25,73.4
2016/10/26,73
2016/10/27,72.6
2016/10/28,72.6
2016/10/31,72.6
2016/11/1,72.6
2016/11/2,71.75
2016/11/3,71.2
2016/11/4,71
2016/11/7,72
2016/11/8,72.35
2016/11/9,70
2016/11/10,72
2016/11/11,70.05
2016/11/14,70.1
2016/11/15,69.9
2016/11/16,70
2016/11/17,70.2
2016/11/18,70.4
2016/11/21,70.5
2016/11/22,71.45
2016/11/23,71.8
2016/11/24,71.4
2016/11/25,71.35
2016/11/28,71.75
2016/11/29,71.65
2016/11/30,71.7
2016/12/1,72
2016/12/2,71.2
2016/12/5,71.1
2016/12/6,72
2016/12/7,72
2016/12/8,72.9
2016/12/9,73.15
2016/12/12,72.85
2016/12/13,72.95
2016/12/14,73.1
2016/12/15,73
2016/12/16,72.3
2016/12/19,71.85
2016/12/20,71.75
2016/12/21,71.7
2016/12/22,70.8
2016/12/23,70.55
2016/12/26,70.8
2016/12/27,70.75
2016/12/28,71.6
2016/12/29,71.25
2016/12/30,71.8
2016/12/31,71.8
2017/1/3,71.9
2017/1/4,71.85
2017/1/5,72.5
2017/1/6,72.65
2017/1/9,72.45
2017/1/10,72.4
2017/1/11,72.4
2017/1/12,73.15
2017/1/13,72.6
2017/1/16,72
2017/1/17,72.3
2017/1/18,72.15
2017/1/19,71.95
2017/1/20,72.15
2017/1/23,72.75
2017/1/24,73.3
2017/1/25,73.3
2017/1/26,73.3
2017/1/31,73.3
2017/2/2,72.9
2017/2/3,72.85
2017/2/6,73.25
2017/2/7,73.3
2017/2/8,71.75
2017/2/9,72
2017/2/10,72.8
2017/2/13,72.95
2017/2/14,73.2
2017/2/15,73.9
2017/2/16,73.45
2017/2/17,73.35
2017/2/18,73.5
2017/2/20,73.1
2017/2/21,73.25
2017/2/22,73.3
2017/2/23,73.1
2017/2/24,73.15
2017/2/28,73.15
2017/3/1,72.35
2017/3/2,72.55
2017/3/3,72.1
2017/3/6,72.15
2017/3/7,72.45
2017/3/8,72.85
2017/3/9,72.05
2017/3/10,72
2017/3/13,72.5
2017/3/14,73
2017/3/15,72.85
2017/3/16,73.8
2017/3/17,74
2017/3/20,73.95
2017/3/21,74.9
2017/3/22,74.2
2017/3/23,74.35
2017/3/24,74.25
2017/3/27,74.2
2017/3/28,74.25
2017/3/29,74
2017/3/30,73.9
2017/3/31,73.7
2017/4/5,74.65
2017/4/6,74.4
2017/4/7,74.1
2017/4/10,74.2
2017/4/11,73.9
2017/4/12,74.05
2017/4/13,74.4
2017/4/14,73.55
2017/4/17,73.6
2017/4/18,73.6
2017/4/19,72.8
2017/4/20,72.8
2017/4/21,73.5
2017/4/24,73.65
2017/4/25,74.35
2017/4/26,74.55
2017/4/27,74.5
2017/4/28,74.55
2017/4/30,74.55
2017/5/2,75.2
2017/5/3,75.55
2017/5/4,75.65
2017/5/5,75.15
2017/5/8,75.7
2017/5/9,75.95
2017/5/10,76.25
2017/5/11,76.5
2017/5/12,76.3
2017/5/15,76.5
2017/5/16,76.5
2017/5/17,76.3
2017/5/18,75.9
2017/5/19,75.85
2017/5/22,76.05
2017/5/23,76.35
2017/5/24,76.3
2017/5/25,77
2017/5/26,76.95
2017/5/31,76.5
2017/6/1,76.9
2017/6/2,77.2
2017/6/3,77.4
2017/6/5,78
2017/6/6,77.95
2017/6/7,77.95
2017/6/8,78.25
2017/6/9,78
2017/6/12,77.15
2017/6/13,77.25
2017/6/14,76.85
2017/6/15,76.9
2017/6/16,77.7
2017/6/19,78.55
2017/6/20,79.45
2017/6/21,79.55
2017/6/22,79.75
2017/6/23,79.7
2017/6/26,81.4
2017/6/27,81.3
2017/6/28,80.55
2017/6/29,80.65
2017/6/30,80.4
2017/7/3,80.45
2017/7/4,80
2017/7/5,80.75
2017/7/6,80.4
2017/7/7,79.95
2017/7/10,80.35
2017/7/11,81.55
2017/7/12,81.55
2017/7/13,82.2
2017/7/14,82.05
2017/7/17,82.2
2017/7/18,82.4
2017/7/19,82.7
2017/7/20,82.65
2017/7/21,82.1
2017/7/24,82.3
2017/7/25,82.45
2017/7/26,82.15
2017/7/27,83
2017/7/28,82.1
2017/7/31,81.35
2017/8/1,81.8
2017/8/2,82.5
2017/8/3,82.2
2017/8/4,82.35
2017/8/7,82.95
2017/8/8,82.9
2017/8/9,82.15
2017/8/10,81.6
2017/8/11,81.25
2017/8/14,80.75
2017/8/15,81.3
2017/8/16,81
2017/8/17,81.65
2017/8/18,81.15
2017/8/21,81.05
2017/8/22,81.85
2017/8/23,81.75
2017/8/24,82.55
2017/8/25,82.7
2017/8/28,82.55
2017/8/29,82.3
2017/8/30,82.7
2017/8/31,82.95
2017/9/1,83
2017/9/4,82.85
2017/9/5,82.95
2017/9/6,82.6
2017/9/7,82.25
2017/9/8,82.7
2017/9/11,82.55
2017/9/12,82.85
2017/9/13,82.3
2017/9/14,82.35
2017/9/15,82.35
2017/9/18,83.15
2017/9/19,82.75
2017/9/20,82.2
2017/9/21,82.7
2017/9/22,81.6
2017/9/25,80.95
2017/9/26,80.3
2017/9/27,80.7
2017/9/28,80.4
2017/9/29,80.65
2017/9/30,81.2
2017/10/2,81.5
2017/10/3,81.5
2017/10/5,81.85
2017/10/6,82.1
2017/10/11,83.4
2017/10/12,84.2
2017/10/13,84.05
2017/10/16,84.5
2017/10/17,84.3
2017/10/18,84.6
2017/10/19,84.9
2017/10/20,84.55
2017/10/23,84.5
2017/10/24,84.4
2017/10/25,84.35
2017/10/26,84.25
2017/10/27,84.3
2017/10/30,84.95
2017/10/31,85.2
2017/11/1,85.1
2017/11/2,84.8
2017/11/3,84.7
2017/11/6,84.85
2017/11/7,85.3
2017/11/8,84.95
2017/11/9,84.4
2017/11/10,84.55
2017/11/13,84.3
2017/11/14,84.15
2017/11/15,83.3
2017/11/16,83.6
2017/11/17,84.35
2017/11/20,84
2017/11/21,84.75
2017/11/22,85.15
2017/11/23,85.2
2017/11/24,85.15
2017/11/27,84.15
2017/11/28,83.6
2017/11/29,83.7
2017/11/30,82.25
2017/12/1,82.6
2017/12/4,82.9
2017/12/5,82.25
2017/12/6,80.85
2017/12/7,80.9
2017/12/8,80.9
2017/12/11,81.5
2017/12/12,80.95
2017/12/13,81
2017/12/14,81.75
2017/12/15,81.1
2017/12/18,81.2
2017/12/19,80.8
2017/12/20,81.05
2017/12/21,81
2017/12/22,81.3
2017/12/25,81.45
2017/12/26,80.65
2017/12/27,80.9
2017/12/28,81.7
2017/12/29,82.15
2017/12/31,82.15
2018/1/2,82.6
2018/1/3,83.35
2018/1/4,83.5
2018/1/5,83.75
2018/1/8,84.1
2018/1/9,84.15
2018/1/10,83.75
2018/1/11,83.4
2018/1/12,84.1
2018/1/15,84.65
2018/1/16,85
2018/1/17,85.15
2018/1/18,86.3
2018/1/19,87.15
2018/1/22,87.95
2018/1/23,88.3
2018/1/24,87.2
2018/1/25,87.45
2018/1/26,87.5
2018/1/29,85.55
2018/1/30,84.55
2018/1/31,84.65
2018/2/1,85.25
2018/2/2,84.9
2018/2/5,83.6
2018/2/6,79.65
2018/2/7,80.65
2018/2/8,80.6
2018/2/9,79.05
2018/2/12,79.7
2018/2/13,79.7
2018/2/14,79.7
2018/2/21,81.5
2018/2/22,81
2018/2/23,82
2018/2/26,82.4
2018/2/27,82.35
2018/2/28,82.35
2018/3/1,81.75
2018/3/2,81.15
2018/3/5,80.75
2018/3/6,82.15
2018/3/7,81.8
2018/3/8,82.75
2018/3/9,82.85
2018/3/12,84.15
2018/3/13,84.95
2018/3/14,84.3
2018/3/15,84.25
2018/3/16,83.9
2018/3/19,83.85
2018/3/20,83.8
2018/3/21,83.85
2018/3/22,83.55
2018/3/23,82.1
2018/3/26,82.2
2018/3/27,83.4
2018/3/28,82.25
2018/3/29,82.1
2018/3/30,82.85
2018/3/31,82.95
2018/4/2,82.25
2018/4/3,81.5
2018/4/9,82.2
2018/4/10,82.5
2018/4/11,82.85
2018/4/12,82.5
2018/4/13,82.5
2018/4/16,82.3
2018/4/17,81.4
2018/4/18,81.6
2018/4/19,82.65
2018/4/20,80.75
2018/4/23,79.95
2018/4/24,79.55
2018/4/25,79.3
2018/4/26,79.05
2018/4/27,79.2
2018/4/30,80
2018/5/2,79.4
2018/5/3,78.55
2018/5/4,78.95
2018/5/7,79.5
2018/5/8,80
2018/5/9,80.45
2018/5/10,80.65
2018/5/11,81.6
2018/5/14,82.5
2018/5/15,81.65
2018/5/16,81.75
2018/5/17,81.2
2018/5/18,80.95
2018/5/21,82.05
2018/5/22,81.75
2018/5/23,81.35
2018/5/24,81.55
2018/5/25,81.85
2018/5/28,82.2
2018/5/29,81.85
2018/5/30,80.4
2018/5/31,80.75
2018/6/1,81.35
2018/6/4,82.6
2018/6/5,82.5
2018/6/6,83.3
2018/6/7,83.45
2018/6/8,82.55
2018/6/11,82.65
2018/6/12,82.5
2018/6/13,83
2018/6/14,81.75
2018/6/15,81.95
2018/6/19,80.6
2018/6/20,81.5
2018/6/21,81.25
2018/6/22,81.15
2018/6/25,80.9
2018/6/26,80.7
2018/6/27,80.4
2018/6/28,80.05
2018/6/29,81.45
2018/6/30,81.45
2018/7/2,81.05
2018/7/3,81.15
2018/7/4,81.4
2018/7/5,80.75
2018/7/6,80.95
2018/7/9,82.25
2018/7/10,82.45
2018/7/11,81.7
2018/7/12,82.65
2018/7/13,83.35
2018/7/16,83
2018/7/17,82.55
2018/7/18,83.05
2018/7/19,83.3
2018/7/20,84.65
2018/7/23,84.55
2018/7/24,84.7
2018/7/25,84.75
2018/7/26,85
2018/7/27,85.7
2018/7/30,85.55
2018/7/31,85.55
2018/8/1,86.15
2018/8/2,84.85
2018/8/3,85.55
2018/8/6,85.7
2018/8/7,85.5
2018/8/8,86.15
2018/8/9,86.15
2018/8/10,85.7
2018/8/13,83.95
2018/8/14,84.55
2018/8/15,83.75
2018/8/16,83.8
2018/8/17,83.65
2018/8/20,83.95
2018/8/21,84.55
2018/8/22,84.65
2018/8/23,85.05
2018/8/24,84.8
2018/8/27,85.55
2018/8/28,86.25
2018/8/29,87.25
2018/8/30,87.55
2018/8/31,86.95
2018/9/3,86.45
2018/9/4,87
2018/9/5,87
2018/9/6,86.5
2018/9/7,86.4
2018/9/10,86
2018/9/11,85.65
2018/9/12,85.55
2018/9/13,84.95
2018/9/14,86.5
2018/9/17,85.85
2018/9/18,85.4
2018/9/19,86.15
2018/9/20,85.9
2018/9/21,86.85
2018/9/25,87.1
2018/9/26,86.9
2018/9/27,87.35
2018/9/28,86.9
2018/9/30,86.9
2018/10/1,87.35
2018/10/2,86.05
2018/10/3,85.95
2018/10/4,84.9
2018/10/5,83.45
2018/10/8,83
2018/10/9,83.25
2018/10/11,77.4
2018/10/12,80.05
2018/10/15,79.2
2018/10/16,79.3
2018/10/17,79.4
2018/10/18,79.15
2018/10/19,79.3
2018/10/22,79.2
2018/10/23,77.75
2018/10/24,77.4
2018/10/25,75.5
2018/10/26,75.4
2018/10/29,75.75
2018/10/30,75.95
2018/10/31,77.55
2018/11/1,78.4
2018/11/2,78.65
2018/11/5,78.25
2018/11/6,78
2018/11/7,78.4
2018/11/8,78.85
2018/11/9,77.8
2018/11/12,78
